{
    "versionLabel": "2.0.0",
    "uuid": "8b0f6b03-e591-4ddf-8ead-04110ef89747",
    "appKeys": {
        "NETIMAGE_CHUNK_SIZE": 1768777475,
        "NETIMAGE_DATA": 1768777472,
        "NETIMAGE_BEGIN": 1768777473,
        "NETIMAGE_END": 1768777474,
        "NETIMAGE_URL": 1768777476
    },
    "longName": "Speak-Ni-Wo-Ta Daily Words",
    "versionCode": 1,
    "capabilities": [
        ""
    ],
    "shortName": "Daily Words",
    "companyName": "Speak-Ni-Wo-Ta Inc.",
    "watchapp": {
        "watchface": false
    },
    "resources": {
        "media": [
            {
                "menuIcon": true,
                "type": "png",
                "name": "IMAGE_MENU_ICON",
                "file": "images/MENU_ICON.png"
            }
        ]
    }
}
